INSERT INTO groups_table (id, name, description, number_of_members, category, avatar)
VALUES (
    '1',
    'CS Study Buddies',
    'Description to be filled',
    '53 Members',
    'Education',
    'https://www.aacc.edu/media/college/images/students/Computer-Classroom_AACC-03-15_141_optimized_1200x600.jpg'
    ),
    (
    '2',
    'Tel Aviv Flatmates',
    'Description to be filled',
    '8,745 Members',
    'Other',
    'https://i1.wp.com/www.touristisrael.com/wp-content/uploads/2020/06/Best-areas-to-stay-in-Tel-Aviv-scaled-e1593008399620.jpg?fit=1506%2C1000&ssl=1'
    ),
    (
    '3',
    'India Trip Partners',
    'Description to be filled',
    '327 Members',
    'Travel',
    'https://i.natgeofe.com/k/42e832f5-fd48-43ff-b338-091bdf4048ca/india-tajmahal_16x9.jpg?w=1200'
    ),
    (
    '4',
    'Personal Trainer',
    'Description to be filled',
    '546 Members',
    'Sport',
    'https://images2.minutemediacdn.com/image/upload/c_crop,h_1192,w_2119,x_0,y_0/f_auto,q_auto,w_1100/v1554734334/shape/mentalfloss/568122-istock-869062004.jpg'
    ),
    (
    '5',
    'Trip to South America',
    'Description to be filled',
    '45 Members',
    'Travel',
    'https://lh3.googleusercontent.com/proxy/BZ1TE8abSmdJyLMFOakV5hoo7Jvow78cM4EAl-MSrejRvYdU_DMi72gHW1aNI2kwHCrvj4A7r17clG8P5RqZ1Qk3R6uxLzD2t3AuyYNOn4jrD26eI13PcjzrcVuPnKdJIoc2VCUOwg'
    ),
    (
    '6',
    'Flying to the U.S',
    'Description to be filled',
    '343 Members',
    'Travel',
    'https://www.ukrgate.com/eng/wp-content/uploads/2021/04/The-United-States-Asks-Its-Residents-Not-to-Travel-to-Ukraine1.jpg'
    ),
    (
    '7',
    'Basketball trainers in tel aviv',
    'Description to be filled',
    '224 Members',
    'Sport',
    'https://d3j2bju5c7tc02.cloudfront.net/2018_22/cropped-dreamstime_s_96089857.jpg'
    ),
    (
    '8',
    'Running in Haifa for beginners',
    'Description to be filled',
    '32 Members',
    'Sport',
    'https://www.planetware.com/photos-large/ISR/israel-haifa-bahai-shrine-and-gardens.jpg'
    ),
    (
    '9',
    'Marathon runners in Jerusalem',
    'Description to be filled',
    '8,745 Members',
    'Sport',
    'https://static.timesofisrael.com/www/uploads/2017/03/F170317YS04-e1489735491377.jpg'
    ),
    (
    '10',
    'Dating in Tel Aviv 21-35',
    'Description to be filled',
    '444 Members',
    'Dating',
    'https://www.savoyhotels.co.il/wp-content/uploads/2020/02/Tel-Aviv-Nightlife.jpg'
    ),
    (
    '11',
    'Dating in Beer Sheva',
    'Description to be filled',
    '874 Members',
    'Dating',
    'https://media.timeout.com/images/105347891/image.jpg'
    ),
    (
    '12',
    'Dating for religous',
    'Description to be filled',
    '93 Members',
    'Dating',
    'https://bereshitebara.com/wp-content/uploads/2020/06/DSC_6620.jpg'
    ),
    (
    '13',
    'Chess online for newbiews',
    'Description to be filled',
    '44 Members',
    'Games',
    'https://miro.medium.com/max/1200/1*FVfdYFOkVlf2lPswre6iXg.jpeg'
    ),
    (
    '14',
    'Tennis in Jerusalem',
    'Description to be filled',
    '22 Members',
    'Games',
    'https://media.newyorker.com/photos/60d65ef060fd1fcbc12ff724/master/pass/Marzorati-SebastianKorda.jpg'
    ),
    (
    '15',
    'Ping Pong for professionals',
    'Description to be filled',
    '44 Members',
    'Games',
    'https://i.ytimg.com/vi/-_cviYR1V3k/maxresdefault.jpg'
    ),
    (
    '16',
    'Hebrew teachers',
    'Description to be filled',
    '333 Members',
    'Education',
    'https://international.m.tau.ac.il/sites/english.register.tau.ac.il/files/styles/main_image_wide/public/Untitled%20design%20%282%29_3.png?itok=L27qtAPb'
    ),
    (
    '17',
    'Private Math tutor in Tel Aviv',
    'Description to be filled',
    '342 Members',
    'Education',
    'https://www.ynetnews.com/PicServer3/2013/12/08/5022820/50228192990100490336yes1130.jpg'
    ),
    (
    '18',
    'Guitar tutors in Jerusalem',
    'Description to be filled',
    '31 Members',
    'Education',
    'https://encrypted-tbn0.gstatic.com/images?q=tbn:ANd9GcQL0LVcVgwR10UAmfr6-yNfgbErnpIJxK5AEA&usqp=CAU'
    );


INSERT INTO `users_table` (`id`,`name`,`push_notification_token`, `sex`, `age`, `image1`, `image2`, `image3`)
VALUES ('1','Alex Gloss',NULL,'Male',26,'https://images.unsplash.com/photo-1517841905240-472988babdf9?ixid=MnwxMjA3fDB8MHxwaG90by1wYWdlfHx8fGVufDB8fHx8&ixlib=rb-1.2.1&auto=format&fit=crop&w=1868&q=80', NULL, NULL),
       ('2','Lia Franco',NULL,'Female',23,'https://images.unsplash.com/photo-1529626455594-4ff0802cfb7e?ixid=MnwxMjA3fDB8MHxwaG90by1wYWdlfHx8fGVufDB8fHx8&ixlib=rb-1.2.1&auto=format&fit=crop&w=334&q=80', NULL, NULL),
       ('3','Sandra Banks',NULL,'Female',23,'https://images.unsplash.com/photo-1488426862026-3ee34a7d66df?ixid=MnwxMjA3fDB8MHxwaG90by1wYWdlfHx8fGVufDB8fHx8&ixlib=rb-1.2.1&auto=format&fit=crop&w=334&q=80', NULL, NULL),
       ('4','Rob Sanders',NULL,'Female',24,'https://images.unsplash.com/photo-1539571696357-5a69c17a67c6?ixid=MnwxMjA3fDB8MHxwaG90by1wYWdlfHx8fGVufDB8fHx8&ixlib=rb-1.2.1&auto=format&fit=crop&w=334&q=80', NULL, NULL),
       ('5','Sandra Banks',NULL,'Female',31,'https://images.unsplash.com/photo-1563306406-e66174fa3787?ixid=MnwxMjA3fDB8MHxwaG90by1wYWdlfHx8fGVufDB8fHx8&ixlib=rb-1.2.1&auto=format&fit=crop&w=334&q=80', NULL, NULL),
       ('6','Paula Garcia',NULL,'Female',29,'https://images.unsplash.com/photo-1484399172022-72a90b12e3c1?ixid=MnwxMjA3fDB8MHxwaG90by1wYWdlfHx8fGVufDB8fHx8&ixlib=rb-1.2.1&auto=format&fit=crop&w=1050&q=80', NULL, NULL);


INSERT INTO `subscriptions` (`group_id`, `user_id`)
VALUES ('1', '1'),
('1', '2'),
('1', '3'),
('1', '4'),
('1', '5'),
('1', '6'),
('2', '6'),
('3', '1'),
('3', '2'),
('3', '3'),
('4', '1'),
('4', '3'),
('5', '2'),
('5', '3'),
('5', '4'),
('6', '2'),
('7', '1'),
('7', '4'),
('7', '3'),
('8', '1'),
('8', '2'),
('8', '4'),
('9', '1'),
('9', '2'),
('9', '3'),
('9', '4'),
('9', '6'),
('10', '1'),
('10', '3'),
('10', '4'),
('11', '2'),
('12', '3'),
('13', '4'),
('14', '5'),
('15', '1'),
('16', '3'),
('17', '2'),
('18', '4');


INSERT INTO `group_fields` (`group_id`, `field_id`, `field_name`)
VALUES ('1', 1, 'area'),
('1', 2, 'budget'),
('2', 1, 'area'),
('2', 2, 'budget'),
('3', 1, 'area'),
('3', 2, 'budget'),
('4', 1, 'area'),
('4', 2, 'budget');

INSERT INTO `matches_table` (`first_user_id`, `group_id`, `second_user_id`, `first_user_like`, `second_user_like`)
VALUES ('1', '1', '2', null, true),
('1', '1', '3', true, null),
('1', '1', '4', true, null),
('1', '2', '2', true, null),
('1', '2', '3', true, null),
('1', '2', '4', true, null),
('1', '2', '6', true, null),
('1', '2', '7', true, null);